linha_id,data,ano_mes,partidas,km_rodados,assentos_km,passageiros,passageiros_km,receita,custo_combustivel,custo_pneus,custo_manutencao,custo_tripulacao,custo_pedagio,custo_fixo_rateado
L01,2024-10-01,2024-10,186,38874,1710456,6019,1257971,280003.88,82439.69,10107.24,24801.61,30853.68,3498.66,41438.63
L01,2024-11-01,2024-11,180,37620,1655280,5712,1193808,271605.6,79780.34,9781.2,24001.56,29858.4,3385.8,41438.63
L01,2024-12-01,2024-12,186,38874,1710456,5905,1234145,276058.75,82439.69,10107.24,24801.61,30853.68,3498.66,41438.63
L01,2025-01-01,2025-01,186,38874,1710456,6293,1315237,307601.84,82439.69,10107.24,24801.61,30853.68,3498.66,41438.63
L01,2025-02-01,2025-02,168,35112,1544928,4830,1009470,223290.9,74461.66,9129.12,22401.46,27867.84,3160.08,41438.63
L01,2025-03-01,2025-03,186,38874,1710456,5490,1147410,255943.8,82439.69,10107.24,24801.61,30853.68,3498.66,41438.63
L01,2025-04-01,2025-04,180,37620,1655280,5497,1148873,258743.79,79780.34,9781.2,24001.56,29858.4,3385.8,41438.63
L01,2025-05-01,2025-05,186,38874,1710456,5227,1092443,253039.07,82439.69,10107.24,24801.61,30853.68,3498.66,41438.63
L01,2025-06-01,2025-06,180,37620,1655280,5718,1195062,263485.44,79780.34,9781.2,24001.56,29858.4,3385.8,41438.63
L01,2025-07-01,2025-07,186,38874,1710456,5821,1216589,274751.2,82439.69,10107.24,24801.61,30853.68,3498.66,41438.63
L01,2025-08-01,2025-08,186,38874,1710456,5155,1077395,243419.1,82439.69,10107.24,24801.61,30853.68,3498.66,41438.63
L01,2025-09-01,2025-09,180,37620,1655280,5399,1128391,253914.97,79780.34,9781.2,24001.56,29858.4,3385.8,41438.63
L01,2025-10-01,2025-10,186,38874,1710456,5711,1193599,292060.54,82439.69,10107.24,24801.61,30853.68,3498.66,41438.63
L01,2025-11-01,2025-11,180,37620,1655280,6219,1299771,297330.39,79780.34,9781.2,24001.56,29858.4,3385.8,41438.63
L01,2025-12-01,2025-12,186,38874,1710456,6078,1270302,291744.0,82439.69,10107.24,24801.61,30853.68,3498.66,41438.63
L01,2026-01-01,2026-01,186,38874,1710456,6942,1450878,318568.38,82439.69,10107.24,24801.61,30853.68,3498.66,41438.63
L01,2026-02-01,2026-02,168,35112,1544928,5193,1085337,246252.06,74461.66,9129.12,22401.46,27867.84,3160.08,41438.63
L01,2026-03-01,2026-03,186,38874,1710456,5513,1152217,250290.2,82439.69,10107.24,24801.61,30853.68,3498.66,41438.63
L01,2026-04-01,2026-04,180,37620,1655280,5870,1226830,282170.9,79780.34,9781.2,24001.56,29858.4,3385.8,41438.63
L01,2026-05-01,2026-05,186,38874,1710456,5687,1188583,267914.57,82439.69,10107.24,24801.61,30853.68,3498.66,41438.63
L01,2026-06-01,2026-06,180,37620,1655280,5832,1218888,279702.72,79780.34,9781.2,24001.56,29858.4,3385.8,41438.63
L01,2026-07-01,2026-07,186,38874,1710456,6269,1310221,318966.72,82439.69,10107.24,24801.61,30853.68,3498.66,41438.63
L01,2026-08-01,2026-08,186,38874,1710456,5892,1231428,287706.36,82439.69,10107.24,24801.61,30853.68,3498.66,41438.63
L01,2026-09-01,2026-09,180,37620,1655280,5807,1213663,282684.76,79780.34,9781.2,24001.56,29858.4,3385.8,41438.63
L02,2024-10-01,2024-10,124,31992,1471632,3881,1001298,194515.72,65583.6,8317.92,21338.66,23721.2,1759.56,34102.61
L02,2024-11-01,2024-11,120,30960,1424160,3779,974982,197717.28,63468.0,8049.6,20650.32,22956.0,1702.8,34102.61
L02,2024-12-01,2024-12,124,31992,1471632,4774,1231692,249489.24,65583.6,8317.92,21338.66,23721.2,1759.56,34102.61
L02,2025-01-01,2025-01,124,31992,1471632,4727,1219566,262348.5,65583.6,8317.92,21338.66,23721.2,1759.56,34102.61
L02,2025-02-01,2025-02,112,28896,1329216,3268,843144,156243.08,59236.8,7512.96,19273.63,21425.6,1589.28,34102.61
L02,2025-03-01,2025-03,124,31992,1471632,3479,897582,170018.73,65583.6,8317.92,21338.66,23721.2,1759.56,34102.61
L02,2025-04-01,2025-04,120,30960,1424160,3427,884166,168779.75,63468.0,8049.6,20650.32,22956.0,1702.8,34102.61
L02,2025-05-01,2025-05,124,31992,1471632,3412,880296,170838.84,65583.6,8317.92,21338.66,23721.2,1759.56,34102.61
L02,2025-06-01,2025-06,120,30960,1424160,3756,969048,191818.92,63468.0,8049.6,20650.32,22956.0,1702.8,34102.61
L02,2025-07-01,2025-07,124,31992,1471632,4251,1096758,225770.61,65583.6,8317.92,21338.66,23721.2,1759.56,34102.61
L02,2025-08-01,2025-08,124,31992,1471632,3491,900678,172525.22,65583.6,8317.92,21338.66,23721.2,1759.56,34102.61
L02,2025-09-01,2025-09,120,30960,1424160,3552,916416,177351.36,63468.0,8049.6,20650.32,22956.0,1702.8,34102.61
L02,2025-10-01,2025-10,124,31992,1471632,3796,979368,191735.96,65583.6,8317.92,21338.66,23721.2,1759.56,34102.61
L02,2025-11-01,2025-11,120,30960,1424160,3702,955116,195206.46,63468.0,8049.6,20650.32,22956.0,1702.8,34102.61
L02,2025-12-01,2025-12,124,31992,1471632,4603,1187574,245109.75,65583.6,8317.92,21338.66,23721.2,1759.56,34102.61
L02,2026-01-01,2026-01,124,31992,1471632,4247,1095726,234561.81,65583.6,8317.92,21338.66,23721.2,1759.56,34102.61
L02,2026-02-01,2026-02,112,28896,1329216,3666,945828,179670.66,59236.8,7512.96,19273.63,21425.6,1589.28,34102.61
L02,2026-03-01,2026-03,124,31992,1471632,3654,942732,172614.96,65583.6,8317.92,21338.66,23721.2,1759.56,34102.61
L02,2026-04-01,2026-04,120,30960,1424160,4272,1102176,219110.88,63468.0,8049.6,20650.32,22956.0,1702.8,34102.61
L02,2026-05-01,2026-05,124,31992,1471632,4035,1041030,195899.25,65583.6,8317.92,21338.66,23721.2,1759.56,34102.61
L02,2026-06-01,2026-06,120,30960,1424160,3894,1004652,194661.06,63468.0,8049.6,20650.32,22956.0,1702.8,34102.61
L02,2026-07-01,2026-07,124,31992,1471632,4302,1109916,226027.08,65583.6,8317.92,21338.66,23721.2,1759.56,34102.61
L02,2026-08-01,2026-08,124,31992,1471632,3669,946602,186385.2,65583.6,8317.92,21338.66,23721.2,1759.56,34102.61
L02,2026-09-01,2026-09,120,30960,1424160,3730,962340,189968.9,63468.0,8049.6,20650.32,22956.0,1702.8,34102.61
L03,2024-10-01,2024-10,93,27900,1227600,2655,796500,176796.45,59167.24,7254.0,16182.0,19809.0,5161.5,29740.65
L03,2024-11-01,2024-11,90,27000,1188000,2659,797700,185252.53,57258.62,7020.0,15660.0,19170.0,4995.0,29740.65
L03,2024-12-01,2024-12,93,27900,1227600,2651,795300,197685.07,59167.24,7254.0,16182.0,19809.0,5161.5,29740.65
L03,2025-01-01,2025-01,93,27900,1227600,3567,1070100,253364.01,59167.24,7254.0,16182.0,19809.0,5161.5,29740.65
L03,2025-02-01,2025-02,84,25200,1108800,2234,670200,144495.12,53441.38,6552.0,14616.0,17892.0,4662.0,29740.65
L03,2025-03-01,2025-03,93,27900,1227600,2259,677700,145637.73,59167.24,7254.0,16182.0,19809.0,5161.5,29740.65
L03,2025-04-01,2025-04,90,27000,1188000,2594,778200,176184.48,57258.62,7020.0,15660.0,19170.0,4995.0,29740.65
L03,2025-05-01,2025-05,93,27900,1227600,2436,730800,162700.44,59167.24,7254.0,16182.0,19809.0,5161.5,29740.65
L03,2025-06-01,2025-06,90,27000,1188000,2541,762300,170348.64,57258.62,7020.0,15660.0,19170.0,4995.0,29740.65
L03,2025-07-01,2025-07,93,27900,1227600,3652,1095600,272037.48,59167.24,7254.0,16182.0,19809.0,5161.5,29740.65
L03,2025-08-01,2025-08,93,27900,1227600,2287,686100,152908.82,59167.24,7254.0,16182.0,19809.0,5161.5,29740.65
L03,2025-09-01,2025-09,90,27000,1188000,2734,820200,185556.58,57258.62,7020.0,15660.0,19170.0,4995.0,29740.65
L03,2025-10-01,2025-10,93,27900,1227600,2971,891300,206870.73,59167.24,7254.0,16182.0,19809.0,5161.5,29740.65
L03,2025-11-01,2025-11,90,27000,1188000,3209,962700,212660.43,57258.62,7020.0,15660.0,19170.0,4995.0,29740.65
L03,2025-12-01,2025-12,93,27900,1227600,3495,1048500,256847.55,59167.24,7254.0,16182.0,19809.0,5161.5,29740.65
L03,2026-01-01,2026-01,93,27900,1227600,3407,1022100,256172.33,59167.24,7254.0,16182.0,19809.0,5161.5,29740.65
L03,2026-02-01,2026-02,84,25200,1108800,2344,703200,148679.92,53441.38,6552.0,14616.0,17892.0,4662.0,29740.65
L03,2026-03-01,2026-03,93,27900,1227600,2398,719400,156133.78,59167.24,7254.0,16182.0,19809.0,5161.5,29740.65
L03,2026-04-01,2026-04,90,27000,1188000,2519,755700,169478.32,57258.62,7020.0,15660.0,19170.0,4995.0,29740.65
L03,2026-05-01,2026-05,93,27900,1227600,2441,732300,163058.8,59167.24,7254.0,16182.0,19809.0,5161.5,29740.65
L03,2026-06-01,2026-06,90,27000,1188000,2525,757500,166321.75,57258.62,7020.0,15660.0,19170.0,4995.0,29740.65
L03,2026-07-01,2026-07,93,27900,1227600,3876,1162800,287327.88,59167.24,7254.0,16182.0,19809.0,5161.5,29740.65
L03,2026-08-01,2026-08,93,27900,1227600,2536,760800,170419.2,59167.24,7254.0,16182.0,19809.0,5161.5,29740.65
L03,2026-09-01,2026-09,90,27000,1188000,2471,741300,164815.7,57258.62,7020.0,15660.0,19170.0,4995.0,29740.65
L04,2024-10-01,2024-10,93,33108,1456752,2905,1034180,218920.8,70211.79,8608.08,22083.04,22490.19,1820.94,35292.23
L04,2024-11-01,2024-11,90,32040,1409760,2641,940196,200742.41,67946.9,8330.4,21370.68,21764.7,1762.2,35292.23
L04,2024-12-01,2024-12,93,33108,1456752,2873,1022788,223663.05,70211.79,8608.08,22083.04,22490.19,1820.94,35292.23
L04,2025-01-01,2025-01,93,33108,1456752,3171,1128876,262178.28,70211.79,8608.08,22083.04,22490.19,1820.94,35292.23
L04,2025-02-01,2025-02,84,29904,1315776,2177,775012,160619.06,63417.1,7775.04,19945.97,20313.72,1644.72,35292.23
L04,2025-03-01,2025-03,93,33108,1456752,2113,752228,155559.06,70211.79,8608.08,22083.04,22490.19,1820.94,35292.23
L04,2025-04-01,2025-04,90,32040,1409760,2724,969744,204572.4,67946.9,8330.4,21370.68,21764.7,1762.2,35292.23
L04,2025-05-01,2025-05,93,33108,1456752,2684,955504,191261.84,70211.79,8608.08,22083.04,22490.19,1820.94,35292.23
L04,2025-06-01,2025-06,90,32040,1409760,2500,890000,184750.0,67946.9,8330.4,21370.68,21764.7,1762.2,35292.23
L04,2025-07-01,2025-07,93,33108,1456752,3349,1192244,277096.26,70211.79,8608.08,22083.04,22490.19,1820.94,35292.23
L04,2025-08-01,2025-08,93,33108,1456752,2499,889644,181552.35,70211.79,8608.08,22083.04,22490.19,1820.94,35292.23
L04,2025-09-01,2025-09,90,32040,1409760,2353,837668,175086.73,67946.9,8330.4,21370.68,21764.7,1762.2,35292.23
L04,2025-10-01,2025-10,93,33108,1456752,2617,931652,201090.28,70211.79,8608.08,22083.04,22490.19,1820.94,35292.23
L04,2025-11-01,2025-11,90,32040,1409760,2391,851196,176742.72,67946.9,8330.4,21370.68,21764.7,1762.2,35292.23
L04,2025-12-01,2025-12,93,33108,1456752,2846,1013176,228049.98,70211.79,8608.08,22083.04,22490.19,1820.94,35292.23
L04,2026-01-01,2026-01,93,33108,1456752,3141,1118196,252442.17,70211.79,8608.08,22083.04,22490.19,1820.94,35292.23
L04,2026-02-01,2026-02,84,29904,1315776,2407,856892,180428.72,63417.1,7775.04,19945.97,20313.72,1644.72,35292.23
L04,2026-03-01,2026-03,93,33108,1456752,2345,834820,175593.6,70211.79,8608.08,22083.04,22490.19,1820.94,35292.23
L04,2026-04-01,2026-04,90,32040,1409760,2208,786048,158931.84,67946.9,8330.4,21370.68,21764.7,1762.2,35292.23
L04,2026-05-01,2026-05,93,33108,1456752,2435,866860,178412.45,70211.79,8608.08,22083.04,22490.19,1820.94,35292.23
L04,2026-06-01,2026-06,90,32040,1409760,2793,994308,211290.45,67946.9,8330.4,21370.68,21764.7,1762.2,35292.23
L04,2026-07-01,2026-07,93,33108,1456752,3410,1213960,288145.0,70211.79,8608.08,22083.04,22490.19,1820.94,35292.23
L04,2026-08-01,2026-08,93,33108,1456752,2448,871488,184016.16,70211.79,8608.08,22083.04,22490.19,1820.94,35292.23
L04,2026-09-01,2026-09,90,32040,1409760,2287,814172,173400.34,67946.9,8330.4,21370.68,21764.7,1762.2,35292.23
L05,2024-10-01,2024-10,155,63240,2656080,4523,1845384,474553.16,141427.64,16442.4,36679.2,41664.0,14229.0,67412.13
L05,2024-11-01,2024-11,150,61200,2570400,4286,1748688,470602.8,136865.45,15912.0,35496.0,40320.0,13770.0,67412.13
L05,2024-12-01,2024-12,155,63240,2656080,4732,1930656,548202.2,141427.64,16442.4,36679.2,41664.0,14229.0,67412.13
L05,2025-01-01,2025-01,155,63240,2656080,4989,2035512,529931.58,141427.64,16442.4,36679.2,41664.0,14229.0,67412.13
L05,2025-02-01,2025-02,140,57120,2399040,3619,1476552,371960.82,127741.09,14851.2,33129.6,37632.0,12852.0,67412.13
L05,2025-03-01,2025-03,155,63240,2656080,4274,1743792,431844.96,141427.64,16442.4,36679.2,41664.0,14229.0,67412.13
L05,2025-04-01,2025-04,150,61200,2570400,3988,1627104,420534.6,136865.45,15912.0,35496.0,40320.0,13770.0,67412.13
L05,2025-05-01,2025-05,155,63240,2656080,4145,1691160,421090.55,141427.64,16442.4,36679.2,41664.0,14229.0,67412.13
L05,2025-06-01,2025-06,150,61200,2570400,4173,1702584,435118.71,136865.45,15912.0,35496.0,40320.0,13770.0,67412.13
L05,2025-07-01,2025-07,155,63240,2656080,4924,2008992,553260.64,141427.64,16442.4,36679.2,41664.0,14229.0,67412.13
L05,2025-08-01,2025-08,155,63240,2656080,4339,1770312,450995.66,141427.64,16442.4,36679.2,41664.0,14229.0,67412.13
L05,2025-09-01,2025-09,150,61200,2570400,4735,1931880,488794.05,136865.45,15912.0,35496.0,40320.0,13770.0,67412.13
L05,2025-10-01,2025-10,155,63240,2656080,4712,1922496,507765.12,141427.64,16442.4,36679.2,41664.0,14229.0,67412.13
L05,2025-11-01,2025-11,150,61200,2570400,4782,1951056,505313.94,136865.45,15912.0,35496.0,40320.0,13770.0,67412.13
L05,2025-12-01,2025-12,155,63240,2656080,5357,2185656,577698.88,141427.64,16442.4,36679.2,41664.0,14229.0,67412.13
L05,2026-01-01,2026-01,155,63240,2656080,5018,2047344,552080.36,141427.64,16442.4,36679.2,41664.0,14229.0,67412.13
L05,2026-02-01,2026-02,140,57120,2399040,3874,1580592,397356.18,127741.09,14851.2,33129.6,37632.0,12852.0,67412.13
L05,2026-03-01,2026-03,155,63240,2656080,4345,1772760,442321.0,141427.64,16442.4,36679.2,41664.0,14229.0,67412.13
L05,2026-04-01,2026-04,150,61200,2570400,4729,1929432,492856.38,136865.45,15912.0,35496.0,40320.0,13770.0,67412.13
L05,2026-05-01,2026-05,155,63240,2656080,4376,1785408,449721.52,141427.64,16442.4,36679.2,41664.0,14229.0,67412.13
L05,2026-06-01,2026-06,150,61200,2570400,4286,1748688,450715.76,136865.45,15912.0,35496.0,40320.0,13770.0,67412.13
L05,2026-07-01,2026-07,155,63240,2656080,5197,2120376,568811.65,141427.64,16442.4,36679.2,41664.0,14229.0,67412.13
L05,2026-08-01,2026-08,155,63240,2656080,4684,1911072,484466.12,141427.64,16442.4,36679.2,41664.0,14229.0,67412.13
L05,2026-09-01,2026-09,150,61200,2570400,4938,2014704,500170.02,136865.45,15912.0,35496.0,40320.0,13770.0,67412.13
L06,2024-10-01,2024-10,217,93093,4096092,6634,2845986,536889.62,197421.36,24204.18,53993.94,60684.05,20945.92,99234.62
L06,2024-11-01,2024-11,210,90090,3963960,7048,3023592,596260.8,191052.93,23423.4,52252.2,58726.5,20270.25,99234.62
L06,2024-12-01,2024-12,217,93093,4096092,6823,2927067,580023.23,197421.36,24204.18,53993.94,60684.05,20945.92,99234.62
L06,2025-01-01,2025-01,217,93093,4096092,7901,3389529,660365.58,197421.36,24204.18,53993.94,60684.05,20945.92,99234.62
L06,2025-02-01,2025-02,196,84084,3699696,5893,2528097,499608.54,178316.07,21861.84,48768.72,54811.4,18918.9,99234.62
L06,2025-03-01,2025-03,217,93093,4096092,6016,2580864,478693.12,197421.36,24204.18,53993.94,60684.05,20945.92,99234.62
L06,2025-04-01,2025-04,210,90090,3963960,7059,3028311,567543.6,191052.93,23423.4,52252.2,58726.5,20270.25,99234.62
L06,2025-05-01,2025-05,217,93093,4096092,6803,2918487,524171.15,197421.36,24204.18,53993.94,60684.05,20945.92,99234.62
L06,2025-06-01,2025-06,210,90090,3963960,6097,2615613,506599.73,191052.93,23423.4,52252.2,58726.5,20270.25,99234.62
L06,2025-07-01,2025-07,217,93093,4096092,7595,3258255,683018.35,197421.36,24204.18,53993.94,60684.05,20945.92,99234.62
L06,2025-08-01,2025-08,217,93093,4096092,6623,2841267,548583.09,197421.36,24204.18,53993.94,60684.05,20945.92,99234.62
L06,2025-09-01,2025-09,210,90090,3963960,6571,2818959,546772.91,191052.93,23423.4,52252.2,58726.5,20270.25,99234.62
L06,2025-10-01,2025-10,217,93093,4096092,7527,3229083,625870.05,197421.36,24204.18,53993.94,60684.05,20945.92,99234.62
L06,2025-11-01,2025-11,210,90090,3963960,6795,2915055,566974.8,191052.93,23423.4,52252.2,58726.5,20270.25,99234.62
L06,2025-12-01,2025-12,217,93093,4096092,7505,3219645,638075.1,197421.36,24204.18,53993.94,60684.05,20945.92,99234.62
L06,2026-01-01,2026-01,217,93093,4096092,8120,3483480,702055.2,197421.36,24204.18,53993.94,60684.05,20945.92,99234.62
L06,2026-02-01,2026-02,196,84084,3699696,6105,2619045,488827.35,178316.07,21861.84,48768.72,54811.4,18918.9,99234.62
L06,2026-03-01,2026-03,217,93093,4096092,6906,2962674,564289.26,197421.36,24204.18,53993.94,60684.05,20945.92,99234.62
L06,2026-04-01,2026-04,210,90090,3963960,6876,2949804,573389.64,191052.93,23423.4,52252.2,58726.5,20270.25,99234.62
L06,2026-05-01,2026-05,217,93093,4096092,6592,2827968,518658.56,197421.36,24204.18,53993.94,60684.05,20945.92,99234.62
L06,2026-06-01,2026-06,210,90090,3963960,7213,3094377,586416.9,191052.93,23423.4,52252.2,58726.5,20270.25,99234.62
L06,2026-07-01,2026-07,217,93093,4096092,8244,3536676,711292.32,197421.36,24204.18,53993.94,60684.05,20945.92,99234.62
L06,2026-08-01,2026-08,217,93093,4096092,6415,2752035,527441.3,197421.36,24204.18,53993.94,60684.05,20945.92,99234.62
L06,2026-09-01,2026-09,210,90090,3963960,6859,2942511,544398.83,191052.93,23423.4,52252.2,58726.5,20270.25,99234.62
L07,2024-10-01,2024-10,124,53816,2260272,3357,1456938,356614.11,120352.15,13992.16,31213.28,34984.12,12108.6,57366.4
L07,2024-11-01,2024-11,120,52080,2187360,3153,1368402,331853.25,116469.82,13540.8,30206.4,33855.6,11718.0,57366.4
L07,2024-12-01,2024-12,124,53816,2260272,3748,1626632,411567.88,120352.15,13992.16,31213.28,34984.12,12108.6,57366.4
L07,2025-01-01,2025-01,124,53816,2260272,4026,1747284,459326.34,120352.15,13992.16,31213.28,34984.12,12108.6,57366.4
L07,2025-02-01,2025-02,112,48608,2041536,2914,1264676,295596.16,108705.16,12638.08,28192.64,31598.56,10936.8,57366.4
L07,2025-03-01,2025-03,124,53816,2260272,3274,1420916,336992.82,120352.15,13992.16,31213.28,34984.12,12108.6,57366.4
L07,2025-04-01,2025-04,120,52080,2187360,3066,1330644,318864.0,116469.82,13540.8,30206.4,33855.6,11718.0,57366.4
L07,2025-05-01,2025-05,124,53816,2260272,2839,1232126,284694.92,120352.15,13992.16,31213.28,34984.12,12108.6,57366.4
L07,2025-06-01,2025-06,120,52080,2187360,2836,1230824,300332.4,116469.82,13540.8,30206.4,33855.6,11718.0,57366.4
L07,2025-07-01,2025-07,124,53816,2260272,4018,1743812,433662.74,120352.15,13992.16,31213.28,34984.12,12108.6,57366.4
L07,2025-08-01,2025-08,124,53816,2260272,3120,1354080,318052.8,120352.15,13992.16,31213.28,34984.12,12108.6,57366.4
L07,2025-09-01,2025-09,120,52080,2187360,3147,1365798,324015.12,116469.82,13540.8,30206.4,33855.6,11718.0,57366.4
L07,2025-10-01,2025-10,124,53816,2260272,3516,1525944,381556.32,120352.15,13992.16,31213.28,34984.12,12108.6,57366.4
L07,2025-11-01,2025-11,120,52080,2187360,2938,1275092,311927.46,116469.82,13540.8,30206.4,33855.6,11718.0,57366.4
L07,2025-12-01,2025-12,124,53816,2260272,4238,1839292,458636.36,120352.15,13992.16,31213.28,34984.12,12108.6,57366.4
L07,2026-01-01,2026-01,124,53816,2260272,4390,1905260,485270.6,120352.15,13992.16,31213.28,34984.12,12108.6,57366.4
L07,2026-02-01,2026-02,112,48608,2041536,2647,1148798,272641.0,108705.16,12638.08,28192.64,31598.56,10936.8,57366.4
L07,2026-03-01,2026-03,124,53816,2260272,3051,1324134,306533.97,120352.15,13992.16,31213.28,34984.12,12108.6,57366.4
L07,2026-04-01,2026-04,120,52080,2187360,3388,1470392,355062.4,116469.82,13540.8,30206.4,33855.6,11718.0,57366.4
L07,2026-05-01,2026-05,124,53816,2260272,3069,1331946,310766.94,120352.15,13992.16,31213.28,34984.12,12108.6,57366.4
L07,2026-06-01,2026-06,120,52080,2187360,3053,1325002,314031.58,116469.82,13540.8,30206.4,33855.6,11718.0,57366.4
L07,2026-07-01,2026-07,124,53816,2260272,3920,1701280,446213.6,120352.15,13992.16,31213.28,34984.12,12108.6,57366.4
L07,2026-08-01,2026-08,124,53816,2260272,3188,1383592,315197.56,120352.15,13992.16,31213.28,34984.12,12108.6,57366.4
L07,2026-09-01,2026-09,120,52080,2187360,3166,1374044,336862.4,116469.82,13540.8,30206.4,33855.6,11718.0,57366.4
L08,2024-10-01,2024-10,93,44268,1859256,2609,1241884,324037.8,98999.35,11509.68,25675.44,28256.19,8189.58,47188.49
L08,2024-11-01,2024-11,90,42840,1799280,2469,1175244,298403.34,95805.82,11138.4,24847.2,27344.7,7925.4,47188.49
L08,2024-12-01,2024-12,93,44268,1859256,2910,1385160,373585.8,98999.35,11509.68,25675.44,28256.19,8189.58,47188.49
L08,2025-01-01,2025-01,93,44268,1859256,3175,1511300,409035.25,98999.35,11509.68,25675.44,28256.19,8189.58,47188.49
L08,2025-02-01,2025-02,84,39984,1679328,2050,975800,238517.5,89418.76,10395.84,23190.72,25521.72,7397.04,47188.49
L08,2025-03-01,2025-03,93,44268,1859256,2273,1081948,262258.74,98999.35,11509.68,25675.44,28256.19,8189.58,47188.49
L08,2025-04-01,2025-04,90,42840,1799280,2432,1157632,285030.4,95805.82,11138.4,24847.2,27344.7,7925.4,47188.49
L08,2025-05-01,2025-05,93,44268,1859256,2040,971040,230744.4,98999.35,11509.68,25675.44,28256.19,8189.58,47188.49
L08,2025-06-01,2025-06,90,42840,1799280,2308,1098608,272320.92,95805.82,11138.4,24847.2,27344.7,7925.4,47188.49
L08,2025-07-01,2025-07,93,44268,1859256,3288,1565088,430070.4,98999.35,11509.68,25675.44,28256.19,8189.58,47188.49
L08,2025-08-01,2025-08,93,44268,1859256,2540,1209040,299466.0,98999.35,11509.68,25675.44,28256.19,8189.58,47188.49
L08,2025-09-01,2025-09,90,42840,1799280,2421,1152396,285992.73,95805.82,11138.4,24847.2,27344.7,7925.4,47188.49
L08,2025-10-01,2025-10,93,44268,1859256,2808,1336608,328030.56,98999.35,11509.68,25675.44,28256.19,8189.58,47188.49
L08,2025-11-01,2025-11,90,42840,1799280,2641,1257116,319191.26,95805.82,11138.4,24847.2,27344.7,7925.4,47188.49
L08,2025-12-01,2025-12,93,44268,1859256,3366,1602216,432531.0,98999.35,11509.68,25675.44,28256.19,8189.58,47188.49
L08,2026-01-01,2026-01,93,44268,1859256,3111,1480836,383461.86,98999.35,11509.68,25675.44,28256.19,8189.58,47188.49
L08,2026-02-01,2026-02,84,39984,1679328,2231,1061956,261450.89,89418.76,10395.84,23190.72,25521.72,7397.04,47188.49
L08,2026-03-01,2026-03,93,44268,1859256,2590,1232840,277673.9,98999.35,11509.68,25675.44,28256.19,8189.58,47188.49
L08,2026-04-01,2026-04,90,42840,1799280,2267,1079092,271405.24,95805.82,11138.4,24847.2,27344.7,7925.4,47188.49
L08,2026-05-01,2026-05,93,44268,1859256,2099,999124,245142.21,98999.35,11509.68,25675.44,28256.19,8189.58,47188.49
L08,2026-06-01,2026-06,90,42840,1799280,2430,1156680,298962.9,95805.82,11138.4,24847.2,27344.7,7925.4,47188.49
L08,2026-07-01,2026-07,93,44268,1859256,3140,1494640,426945.8,98999.35,11509.68,25675.44,28256.19,8189.58,47188.49
L08,2026-08-01,2026-08,93,44268,1859256,2456,1169056,278584.08,98999.35,11509.68,25675.44,28256.19,8189.58,47188.49
L08,2026-09-01,2026-09,90,42840,1799280,2333,1110508,275970.57,95805.82,11138.4,24847.2,27344.7,7925.4,47188.49
L09,2024-10-01,2024-10,93,48453,2131932,2534,1320214,250409.88,102753.78,12597.78,28102.74,30418.44,10901.92,51649.59
L09,2024-11-01,2024-11,90,46890,2063160,2351,1224871,236181.46,99439.14,12191.4,27196.2,29437.2,10550.25,51649.59
L09,2024-12-01,2024-12,93,48453,2131932,2853,1486413,288752.13,102753.78,12597.78,28102.74,30418.44,10901.92,51649.59
L09,2025-01-01,2025-01,93,48453,2131932,2762,1439002,285728.9,102753.78,12597.78,28102.74,30418.44,10901.92,51649.59
L09,2025-02-01,2025-02,84,43764,1925616,2032,1058672,206634.08,92809.86,11378.64,25383.12,27474.72,9846.9,51649.59
L09,2025-03-01,2025-03,93,48453,2131932,2268,1181628,215369.28,102753.78,12597.78,28102.74,30418.44,10901.92,51649.59
L09,2025-04-01,2025-04,90,46890,2063160,2270,1182670,228952.2,99439.14,12191.4,27196.2,29437.2,10550.25,51649.59
L09,2025-05-01,2025-05,93,48453,2131932,2317,1207157,230587.84,102753.78,12597.78,28102.74,30418.44,10901.92,51649.59
L09,2025-06-01,2025-06,90,46890,2063160,2291,1193611,232353.22,99439.14,12191.4,27196.2,29437.2,10550.25,51649.59
L09,2025-07-01,2025-07,93,48453,2131932,3349,1744829,351410.57,102753.78,12597.78,28102.74,30418.44,10901.92,51649.59
L09,2025-08-01,2025-08,93,48453,2131932,2304,1200384,227704.32,102753.78,12597.78,28102.74,30418.44,10901.92,51649.59
L09,2025-09-01,2025-09,90,46890,2063160,2211,1151931,219795.51,99439.14,12191.4,27196.2,29437.2,10550.25,51649.59
L09,2025-10-01,2025-10,93,48453,2131932,2413,1257173,242241.07,102753.78,12597.78,28102.74,30418.44,10901.92,51649.59
L09,2025-11-01,2025-11,90,46890,2063160,2395,1247795,253965.8,99439.14,12191.4,27196.2,29437.2,10550.25,51649.59
L09,2025-12-01,2025-12,93,48453,2131932,3022,1574462,317884.18,102753.78,12597.78,28102.74,30418.44,10901.92,51649.59
L09,2026-01-01,2026-01,93,48453,2131932,3005,1565605,321264.55,102753.78,12597.78,28102.74,30418.44,10901.92,51649.59
L09,2026-02-01,2026-02,84,43764,1925616,2331,1214451,234708.39,92809.86,11378.64,25383.12,27474.72,9846.9,51649.59
L09,2026-03-01,2026-03,93,48453,2131932,2308,1202468,214828.64,102753.78,12597.78,28102.74,30418.44,10901.92,51649.59
L09,2026-04-01,2026-04,90,46890,2063160,2499,1301979,250624.71,99439.14,12191.4,27196.2,29437.2,10550.25,51649.59
L09,2026-05-01,2026-05,93,48453,2131932,2318,1207678,226097.72,102753.78,12597.78,28102.74,30418.44,10901.92,51649.59
L09,2026-06-01,2026-06,90,46890,2063160,2343,1220703,234417.15,99439.14,12191.4,27196.2,29437.2,10550.25,51649.59
L09,2026-07-01,2026-07,93,48453,2131932,3137,1634377,322452.23,102753.78,12597.78,28102.74,30418.44,10901.92,51649.59
L09,2026-08-01,2026-08,93,48453,2131932,2607,1358247,259865.76,102753.78,12597.78,28102.74,30418.44,10901.92,51649.59
L09,2026-09-01,2026-09,90,46890,2063160,2252,1173292,223375.88,99439.14,12191.4,27196.2,29437.2,10550.25,51649.59
L10,2024-10-01,2024-10,62,33294,1531524,1721,924177,161309.33,68252.7,8656.44,22207.1,20797.9,1831.17,35490.5
L10,2024-11-01,2024-11,60,32220,1482120,1875,1006875,180768.75,66051.0,8377.2,21490.74,20127.0,1772.1,35490.5
L10,2024-12-01,2024-12,62,33294,1531524,2139,1148643,206670.18,68252.7,8656.44,22207.1,20797.9,1831.17,35490.5
L10,2025-01-01,2025-01,62,33294,1531524,2205,1184085,224821.8,68252.7,8656.44,22207.1,20797.9,1831.17,35490.5
L10,2025-02-01,2025-02,56,30072,1383312,1569,842553,145979.76,61647.6,7818.72,20058.02,18785.2,1653.96,35490.5
L10,2025-03-01,2025-03,62,33294,1531524,1727,927399,150577.13,68252.7,8656.44,22207.1,20797.9,1831.17,35490.5
L10,2025-04-01,2025-04,60,32220,1482120,1761,945657,156517.68,66051.0,8377.2,21490.74,20127.0,1772.1,35490.5
L10,2025-05-01,2025-05,62,33294,1531524,1638,879606,147076.02,68252.7,8656.44,22207.1,20797.9,1831.17,35490.5
L10,2025-06-01,2025-06,60,32220,1482120,1621,870477,145257.81,66051.0,8377.2,21490.74,20127.0,1772.1,35490.5
L10,2025-07-01,2025-07,62,33294,1531524,2046,1098702,211658.7,68252.7,8656.44,22207.1,20797.9,1831.17,35490.5
L10,2025-08-01,2025-08,62,33294,1531524,1817,975729,159423.58,68252.7,8656.44,22207.1,20797.9,1831.17,35490.5
L10,2025-09-01,2025-09,60,32220,1482120,1687,905919,153635.09,66051.0,8377.2,21490.74,20127.0,1772.1,35490.5
L10,2025-10-01,2025-10,62,33294,1531524,1735,931695,157676.8,68252.7,8656.44,22207.1,20797.9,1831.17,35490.5
L10,2025-11-01,2025-11,60,32220,1482120,1952,1048224,187801.92,66051.0,8377.2,21490.74,20127.0,1772.1,35490.5
L10,2025-12-01,2025-12,62,33294,1531524,2174,1167438,212486.76,68252.7,8656.44,22207.1,20797.9,1831.17,35490.5
L10,2026-01-01,2026-01,62,33294,1531524,2261,1214157,229174.96,68252.7,8656.44,22207.1,20797.9,1831.17,35490.5
L10,2026-02-01,2026-02,56,30072,1383312,1413,758781,127325.43,61647.6,7818.72,20058.02,18785.2,1653.96,35490.5
L10,2026-03-01,2026-03,62,33294,1531524,1590,853830,141557.7,68252.7,8656.44,22207.1,20797.9,1831.17,35490.5
L10,2026-04-01,2026-04,60,32220,1482120,1808,970896,164039.84,66051.0,8377.2,21490.74,20127.0,1772.1,35490.5
L10,2026-05-01,2026-05,62,33294,1531524,1619,869403,146114.75,68252.7,8656.44,22207.1,20797.9,1831.17,35490.5
L10,2026-06-01,2026-06,60,32220,1482120,1759,944583,162127.03,66051.0,8377.2,21490.74,20127.0,1772.1,35490.5
L10,2026-07-01,2026-07,62,33294,1531524,2384,1280208,239067.52,68252.7,8656.44,22207.1,20797.9,1831.17,35490.5
L10,2026-08-01,2026-08,62,33294,1531524,1763,946731,155002.96,68252.7,8656.44,22207.1,20797.9,1831.17,35490.5
L10,2026-09-01,2026-09,60,32220,1482120,1975,1060575,179764.5,66051.0,8377.2,21490.74,20127.0,1772.1,35490.5
L11,2024-10-01,2024-10,155,90830,3814860,4125,2417250,571312.5,203128.91,23615.8,52681.4,55934.85,20436.75,96822.32
L11,2024-11-01,2024-11,150,87900,3691800,4484,2627624,645426.96,196576.36,22854.0,50982.0,54130.5,19777.5,96822.32
L11,2024-12-01,2024-12,155,90830,3814860,4672,2737792,680616.96,203128.91,23615.8,52681.4,55934.85,20436.75,96822.32
L11,2025-01-01,2025-01,155,90830,3814860,5429,3181394,788019.35,203128.91,23615.8,52681.4,55934.85,20436.75,96822.32
L11,2025-02-01,2025-02,140,82040,3445680,3638,2131868,521289.02,183471.27,21330.4,47583.2,50521.8,18459.0,96822.32
L11,2025-03-01,2025-03,155,90830,3814860,4387,2570782,580663.32,203128.91,23615.8,52681.4,55934.85,20436.75,96822.32
L11,2025-04-01,2025-04,150,87900,3691800,4420,2590120,595904.4,196576.36,22854.0,50982.0,54130.5,19777.5,96822.32
L11,2025-05-01,2025-05,155,90830,3814860,3589,2103154,485663.48,203128.91,23615.8,52681.4,55934.85,20436.75,96822.32
L11,2025-06-01,2025-06,150,87900,3691800,4537,2658682,620480.12,196576.36,22854.0,50982.0,54130.5,19777.5,96822.32
L11,2025-07-01,2025-07,155,90830,3814860,5282,3095252,761505.94,203128.91,23615.8,52681.4,55934.85,20436.75,96822.32
L11,2025-08-01,2025-08,155,90830,3814860,4403,2580158,599116.21,203128.91,23615.8,52681.4,55934.85,20436.75,96822.32
L11,2025-09-01,2025-09,150,87900,3691800,3989,2337554,544259.16,196576.36,22854.0,50982.0,54130.5,19777.5,96822.32
L11,2025-10-01,2025-10,155,90830,3814860,4726,2769436,661498.22,203128.91,23615.8,52681.4,55934.85,20436.75,96822.32
L11,2025-11-01,2025-11,150,87900,3691800,4511,2643446,643178.38,196576.36,22854.0,50982.0,54130.5,19777.5,96822.32
L11,2025-12-01,2025-12,155,90830,3814860,5626,3296836,788652.68,203128.91,23615.8,52681.4,55934.85,20436.75,96822.32
L11,2026-01-01,2026-01,155,90830,3814860,5329,3122794,778620.19,203128.91,23615.8,52681.4,55934.85,20436.75,96822.32
L11,2026-02-01,2026-02,140,82040,3445680,4021,2356306,548022.09,183471.27,21330.4,47583.2,50521.8,18459.0,96822.32
L11,2026-03-01,2026-03,155,90830,3814860,4810,2818660,633909.9,203128.91,23615.8,52681.4,55934.85,20436.75,96822.32
L11,2026-04-01,2026-04,150,87900,3691800,3921,2297706,544274.01,196576.36,22854.0,50982.0,54130.5,19777.5,96822.32
L11,2026-05-01,2026-05,155,90830,3814860,3880,2273680,517126.4,203128.91,23615.8,52681.4,55934.85,20436.75,96822.32
L11,2026-06-01,2026-06,150,87900,3691800,4346,2546756,620695.72,196576.36,22854.0,50982.0,54130.5,19777.5,96822.32
L11,2026-07-01,2026-07,155,90830,3814860,5607,3285702,805781.97,203128.91,23615.8,52681.4,55934.85,20436.75,96822.32
L11,2026-08-01,2026-08,155,90830,3814860,4914,2879604,659213.1,203128.91,23615.8,52681.4,55934.85,20436.75,96822.32
L11,2026-09-01,2026-09,150,87900,3691800,4221,2473506,567513.45,196576.36,22854.0,50982.0,54130.5,19777.5,96822.32
L12,2024-10-01,2024-10,124,72912,3208128,3724,2189712,431090.24,154623.72,18957.12,42288.96,44863.2,16405.2,77722.22
L12,2024-11-01,2024-11,120,70560,3104640,3265,1919820,374756.7,149635.86,18345.6,40924.8,43416.0,15876.0,77722.22
L12,2024-12-01,2024-12,124,72912,3208128,3845,2260860,458862.3,154623.72,18957.12,42288.96,44863.2,16405.2,77722.22
L12,2025-01-01,2025-01,124,72912,3208128,4004,2354352,475555.08,154623.72,18957.12,42288.96,44863.2,16405.2,77722.22
L12,2025-02-01,2025-02,112,65856,2897664,2985,1755180,342767.55,139660.14,17122.56,38196.48,40521.6,14817.6,77722.22
L12,2025-03-01,2025-03,124,72912,3208128,3682,2165016,415292.78,154623.72,18957.12,42288.96,44863.2,16405.2,77722.22
L12,2025-04-01,2025-04,120,70560,3104640,3246,1908648,377769.48,149635.86,18345.6,40924.8,43416.0,15876.0,77722.22
L12,2025-05-01,2025-05,124,72912,3208128,3246,1908648,355015.02,154623.72,18957.12,42288.96,44863.2,16405.2,77722.22
L12,2025-06-01,2025-06,120,70560,3104640,3658,2150904,430473.44,149635.86,18345.6,40924.8,43416.0,15876.0,77722.22
L12,2025-07-01,2025-07,124,72912,3208128,4118,2421384,491112.68,154623.72,18957.12,42288.96,44863.2,16405.2,77722.22
L12,2025-08-01,2025-08,124,72912,3208128,3823,2247924,441938.8,154623.72,18957.12,42288.96,44863.2,16405.2,77722.22
L12,2025-09-01,2025-09,120,70560,3104640,3555,2090340,394285.05,149635.86,18345.6,40924.8,43416.0,15876.0,77722.22
L12,2025-10-01,2025-10,124,72912,3208128,3822,2247336,423592.26,154623.72,18957.12,42288.96,44863.2,16405.2,77722.22
L12,2025-11-01,2025-11,120,70560,3104640,3729,2192652,418841.28,149635.86,18345.6,40924.8,43416.0,15876.0,77722.22
L12,2025-12-01,2025-12,124,72912,3208128,3894,2289672,457622.88,154623.72,18957.12,42288.96,44863.2,16405.2,77722.22
L12,2026-01-01,2026-01,124,72912,3208128,4326,2543688,513452.94,154623.72,18957.12,42288.96,44863.2,16405.2,77722.22
L12,2026-02-01,2026-02,112,65856,2897664,3356,1973328,386007.12,139660.14,17122.56,38196.48,40521.6,14817.6,77722.22
L12,2026-03-01,2026-03,124,72912,3208128,3748,2203824,432331.8,154623.72,18957.12,42288.96,44863.2,16405.2,77722.22
L12,2026-04-01,2026-04,120,70560,3104640,3546,2085048,390840.12,149635.86,18345.6,40924.8,43416.0,15876.0,77722.22
L12,2026-05-01,2026-05,124,72912,3208128,3284,1930992,359630.84,154623.72,18957.12,42288.96,44863.2,16405.2,77722.22
L12,2026-06-01,2026-06,120,70560,3104640,3788,2227344,434521.48,149635.86,18345.6,40924.8,43416.0,15876.0,77722.22
L12,2026-07-01,2026-07,124,72912,3208128,4570,2687160,549268.3,154623.72,18957.12,42288.96,44863.2,16405.2,77722.22
L12,2026-08-01,2026-08,124,72912,3208128,3273,1924524,366215.97,154623.72,18957.12,42288.96,44863.2,16405.2,77722.22
L12,2026-09-01,2026-09,120,70560,3104640,3521,2070348,408999.36,149635.86,18345.6,40924.8,43416.0,15876.0,77722.22
L13,2024-10-01,2024-10,62,36456,1676976,1291,759108,117313.17,74734.8,9478.56,24316.15,22431.6,2005.08,38861.11
L13,2024-11-01,2024-11,60,35280,1622880,1294,760872,119682.06,72324.0,9172.8,23531.76,21708.0,1940.4,38861.11
L13,2024-12-01,2024-12,62,36456,1676976,1617,950796,153857.55,74734.8,9478.56,24316.15,22431.6,2005.08,38861.11
L13,2025-01-01,2025-01,62,36456,1676976,1681,988428,161577.72,74734.8,9478.56,24316.15,22431.6,2005.08,38861.11
L13,2025-02-01,2025-02,56,32928,1514688,1107,650916,98799.75,67502.4,8561.28,21962.98,20260.8,1811.04,38861.11
L13,2025-03-01,2025-03,62,36456,1676976,1213,713244,107423.28,74734.8,9478.56,24316.15,22431.6,2005.08,38861.11
L13,2025-04-01,2025-04,60,35280,1622880,1268,745584,117860.6,72324.0,9172.8,23531.76,21708.0,1940.4,38861.11
L13,2025-05-01,2025-05,62,36456,1676976,1227,721476,108221.4,74734.8,9478.56,24316.15,22431.6,2005.08,38861.11
L13,2025-06-01,2025-06,60,35280,1622880,1224,719712,114284.88,72324.0,9172.8,23531.76,21708.0,1940.4,38861.11
L13,2025-07-01,2025-07,62,36456,1676976,1721,1011948,169088.25,74734.8,9478.56,24316.15,22431.6,2005.08,38861.11
L13,2025-08-01,2025-08,62,36456,1676976,1270,746760,113525.3,74734.8,9478.56,24316.15,22431.6,2005.08,38861.11
L13,2025-09-01,2025-09,60,35280,1622880,1310,770280,116878.2,72324.0,9172.8,23531.76,21708.0,1940.4,38861.11
L13,2025-10-01,2025-10,62,36456,1676976,1415,832020,131043.15,74734.8,9478.56,24316.15,22431.6,2005.08,38861.11
L13,2025-11-01,2025-11,60,35280,1622880,1424,837312,131449.44,72324.0,9172.8,23531.76,21708.0,1940.4,38861.11
L13,2025-12-01,2025-12,62,36456,1676976,1689,993132,163056.06,74734.8,9478.56,24316.15,22431.6,2005.08,38861.11
L13,2026-01-01,2026-01,62,36456,1676976,1717,1009596,163973.5,74734.8,9478.56,24316.15,22431.6,2005.08,38861.11
L13,2026-02-01,2026-02,56,32928,1514688,1306,767928,115254.5,67502.4,8561.28,21962.98,20260.8,1811.04,38861.11
L13,2026-03-01,2026-03,62,36456,1676976,1305,767340,112230.0,74734.8,9478.56,24316.15,22431.6,2005.08,38861.11
L13,2026-04-01,2026-04,60,35280,1622880,1284,754992,118615.92,72324.0,9172.8,23531.76,21708.0,1940.4,38861.11
L13,2026-05-01,2026-05,62,36456,1676976,1252,736176,107534.28,74734.8,9478.56,24316.15,22431.6,2005.08,38861.11
L13,2026-06-01,2026-06,60,35280,1622880,1223,719124,110400.21,72324.0,9172.8,23531.76,21708.0,1940.4,38861.11
L13,2026-07-01,2026-07,62,36456,1676976,1668,980784,161796.0,74734.8,9478.56,24316.15,22431.6,2005.08,38861.11
L13,2026-08-01,2026-08,62,36456,1676976,1219,716772,105528.83,74734.8,9478.56,24316.15,22431.6,2005.08,38861.11
L13,2026-09-01,2026-09,60,35280,1622880,1389,816732,123857.13,72324.0,9172.8,23531.76,21708.0,1940.4,38861.11
L14,2024-10-01,2024-10,62,43028,1807176,1628,1129832,264777.92,96226.25,11187.28,27451.86,66547.08,3872.52,45866.68
L14,2024-11-01,2024-11,60,41640,1748880,1480,1027120,238220.8,93122.18,10826.4,26566.32,64400.4,3747.6,45866.68
L14,2024-12-01,2024-12,62,43028,1807176,1837,1274878,297998.14,96226.25,11187.28,27451.86,66547.08,3872.52,45866.68
L14,2025-01-01,2025-01,62,43028,1807176,1629,1130526,273150.72,96226.25,11187.28,27451.86,66547.08,3872.52,45866.68
L14,2025-02-01,2025-02,56,38864,1632288,1343,932042,208608.19,86914.04,10104.64,24795.23,60107.04,3497.76,45866.68
L14,2025-03-01,2025-03,62,43028,1807176,1256,871664,199138.8,96226.25,11187.28,27451.86,66547.08,3872.52,45866.68
L14,2025-04-01,2025-04,60,41640,1748880,1189,825166,180573.43,93122.18,10826.4,26566.32,64400.4,3747.6,45866.68
L14,2025-05-01,2025-05,62,43028,1807176,1359,943146,210305.25,96226.25,11187.28,27451.86,66547.08,3872.52,45866.68
L14,2025-06-01,2025-06,60,41640,1748880,1377,955638,219838.05,93122.18,10826.4,26566.32,64400.4,3747.6,45866.68
L14,2025-07-01,2025-07,62,43028,1807176,1856,1288064,307706.24,96226.25,11187.28,27451.86,66547.08,3872.52,45866.68
L14,2025-08-01,2025-08,62,43028,1807176,1522,1056268,232059.34,96226.25,11187.28,27451.86,66547.08,3872.52,45866.68
L14,2025-09-01,2025-09,60,41640,1748880,1450,1006300,234117.0,93122.18,10826.4,26566.32,64400.4,3747.6,45866.68
L14,2025-10-01,2025-10,62,43028,1807176,1568,1088192,244168.96,96226.25,11187.28,27451.86,66547.08,3872.52,45866.68
L14,2025-11-01,2025-11,60,41640,1748880,1451,1006994,230027.03,93122.18,10826.4,26566.32,64400.4,3747.6,45866.68
L14,2025-12-01,2025-12,62,43028,1807176,1725,1197150,290231.25,96226.25,11187.28,27451.86,66547.08,3872.52,45866.68
L14,2026-01-01,2026-01,62,43028,1807176,1937,1344278,335255.96,96226.25,11187.28,27451.86,66547.08,3872.52,45866.68
L14,2026-02-01,2026-02,56,38864,1632288,1303,904282,199163.55,86914.04,10104.64,24795.23,60107.04,3497.76,45866.68
L14,2026-03-01,2026-03,62,43028,1807176,1616,1121504,249623.52,96226.25,11187.28,27451.86,66547.08,3872.52,45866.68
L14,2026-04-01,2026-04,60,41640,1748880,1403,973682,226402.11,93122.18,10826.4,26566.32,64400.4,3747.6,45866.68
L14,2026-05-01,2026-05,62,43028,1807176,1420,985480,216834.0,96226.25,11187.28,27451.86,66547.08,3872.52,45866.68
L14,2026-06-01,2026-06,60,41640,1748880,1409,977846,226355.85,93122.18,10826.4,26566.32,64400.4,3747.6,45866.68
L14,2026-07-01,2026-07,62,43028,1807176,1925,1335950,327076.75,96226.25,11187.28,27451.86,66547.08,3872.52,45866.68
L14,2026-08-01,2026-08,62,43028,1807176,1380,957720,217101.6,96226.25,11187.28,27451.86,66547.08,3872.52,45866.68
L14,2026-09-01,2026-09,60,41640,1748880,1436,996584,222982.08,93122.18,10826.4,26566.32,64400.4,3747.6,45866.68
L15,2024-10-01,2024-10,62,44392,1864464,1478,1058248,239982.86,99276.65,11541.92,28322.1,67930.92,3995.28,47320.67
L15,2024-11-01,2024-11,60,42960,1804320,1599,1144884,267112.95,96074.18,11169.6,27408.48,65739.6,3866.4,47320.67
L15,2024-12-01,2024-12,62,44392,1864464,1624,1162784,265053.04,99276.65,11541.92,28322.1,67930.92,3995.28,47320.67
L15,2025-01-01,2025-01,62,44392,1864464,1946,1393336,330742.16,99276.65,11541.92,28322.1,67930.92,3995.28,47320.67
L15,2025-02-01,2025-02,56,40096,1684032,1196,856336,183203.28,89669.24,10424.96,25581.25,61356.96,3608.64,47320.67
L15,2025-03-01,2025-03,62,44392,1864464,1297,928652,202682.19,99276.65,11541.92,28322.1,67930.92,3995.28,47320.67
L15,2025-04-01,2025-04,60,42960,1804320,1495,1070420,237211.65,96074.18,11169.6,27408.48,65739.6,3866.4,47320.67
L15,2025-05-01,2025-05,62,44392,1864464,1325,948700,200075.0,99276.65,11541.92,28322.1,67930.92,3995.28,47320.67
L15,2025-06-01,2025-06,60,42960,1804320,1469,1051804,231617.23,96074.18,11169.6,27408.48,65739.6,3866.4,47320.67
L15,2025-07-01,2025-07,62,44392,1864464,1691,1210756,285390.07,99276.65,11541.92,28322.1,67930.92,3995.28,47320.67
L15,2025-08-01,2025-08,62,44392,1864464,1395,998820,219810.15,99276.65,11541.92,28322.1,67930.92,3995.28,47320.67
L15,2025-09-01,2025-09,60,42960,1804320,1403,1004548,217773.66,96074.18,11169.6,27408.48,65739.6,3866.4,47320.67
L15,2025-10-01,2025-10,62,44392,1864464,1607,1150612,258453.81,99276.65,11541.92,28322.1,67930.92,3995.28,47320.67
L15,2025-11-01,2025-11,60,42960,1804320,1397,1000252,229555.04,96074.18,11169.6,27408.48,65739.6,3866.4,47320.67
L15,2025-12-01,2025-12,62,44392,1864464,1623,1162068,266107.08,99276.65,11541.92,28322.1,67930.92,3995.28,47320.67
L15,2026-01-01,2026-01,62,44392,1864464,1970,1410520,317761.0,99276.65,11541.92,28322.1,67930.92,3995.28,47320.67
L15,2026-02-01,2026-02,56,40096,1684032,1344,962304,209153.28,89669.24,10424.96,25581.25,61356.96,3608.64,47320.67
L15,2026-03-01,2026-03,62,44392,1864464,1168,836288,173786.72,99276.65,11541.92,28322.1,67930.92,3995.28,47320.67
L15,2026-04-01,2026-04,60,42960,1804320,1482,1061112,232585.08,96074.18,11169.6,27408.48,65739.6,3866.4,47320.67
L15,2026-05-01,2026-05,62,44392,1864464,1353,968748,210161.49,99276.65,11541.92,28322.1,67930.92,3995.28,47320.67
L15,2026-06-01,2026-06,60,42960,1804320,1476,1056816,226019.88,96074.18,11169.6,27408.48,65739.6,3866.4,47320.67
L15,2026-07-01,2026-07,62,44392,1864464,1878,1344648,328368.3,99276.65,11541.92,28322.1,67930.92,3995.28,47320.67
L15,2026-08-01,2026-08,62,44392,1864464,1476,1056816,233916.48,99276.65,11541.92,28322.1,67930.92,3995.28,47320.67
L15,2026-09-01,2026-09,60,42960,1804320,1508,1079728,228492.16,96074.18,11169.6,27408.48,65739.6,3866.4,47320.67
L16,2024-10-01,2024-10,31,24335,1119410,772,606020,89636.92,49886.75,6327.1,18348.59,36175.76,243.35,25940.45
L16,2024-11-01,2024-11,30,23550,1083300,848,665680,97765.92,48277.5,6123.0,17756.7,35008.8,235.5,25940.45
L16,2024-12-01,2024-12,31,24335,1119410,974,764590,116938.44,49886.75,6327.1,18348.59,36175.76,243.35,25940.45
L16,2025-01-01,2025-01,31,24335,1119410,919,721415,110197.29,49886.75,6327.1,18348.59,36175.76,243.35,25940.45
L16,2025-02-01,2025-02,28,21980,1011080,746,585610,86364.42,45059.0,5714.8,16572.92,32674.88,219.8,25940.45
L16,2025-03-01,2025-03,31,24335,1119410,696,546360,80053.92,49886.75,6327.1,18348.59,36175.76,243.35,25940.45
L16,2025-04-01,2025-04,30,23550,1083300,779,611515,89039.7,48277.5,6123.0,17756.7,35008.8,235.5,25940.45
L16,2025-05-01,2025-05,31,24335,1119410,753,591105,85691.4,49886.75,6327.1,18348.59,36175.76,243.35,25940.45
L16,2025-06-01,2025-06,30,23550,1083300,791,620935,89723.13,48277.5,6123.0,17756.7,35008.8,235.5,25940.45
L16,2025-07-01,2025-07,31,24335,1119410,936,734760,114107.76,49886.75,6327.1,18348.59,36175.76,243.35,25940.45
L16,2025-08-01,2025-08,31,24335,1119410,831,652335,90487.59,49886.75,6327.1,18348.59,36175.76,243.35,25940.45
L16,2025-09-01,2025-09,30,23550,1083300,795,624075,91560.15,48277.5,6123.0,17756.7,35008.8,235.5,25940.45
L16,2025-10-01,2025-10,31,24335,1119410,837,657045,95459.85,49886.75,6327.1,18348.59,36175.76,243.35,25940.45
L16,2025-11-01,2025-11,30,23550,1083300,879,690015,103915.38,48277.5,6123.0,17756.7,35008.8,235.5,25940.45
L16,2025-12-01,2025-12,31,24335,1119410,949,744965,116916.8,49886.75,6327.1,18348.59,36175.76,243.35,25940.45
L16,2026-01-01,2026-01,31,24335,1119410,1022,802270,126891.52,49886.75,6327.1,18348.59,36175.76,243.35,25940.45
L16,2026-02-01,2026-02,28,21980,1011080,733,575405,82865.65,45059.0,5714.8,16572.92,32674.88,219.8,25940.45
L16,2026-03-01,2026-03,31,24335,1119410,808,634280,89146.64,49886.75,6327.1,18348.59,36175.76,243.35,25940.45
L16,2026-04-01,2026-04,30,23550,1083300,842,660970,101511.52,48277.5,6123.0,17756.7,35008.8,235.5,25940.45
L16,2026-05-01,2026-05,31,24335,1119410,814,638990,91990.14,49886.75,6327.1,18348.59,36175.76,243.35,25940.45
L16,2026-06-01,2026-06,30,23550,1083300,874,686090,104023.48,48277.5,6123.0,17756.7,35008.8,235.5,25940.45
L16,2026-07-01,2026-07,31,24335,1119410,961,754385,121153.27,49886.75,6327.1,18348.59,36175.76,243.35,25940.45
L16,2026-08-01,2026-08,31,24335,1119410,815,639775,90742.1,49886.75,6327.1,18348.59,36175.76,243.35,25940.45
L16,2026-09-01,2026-09,30,23550,1083300,804,631140,91760.52,48277.5,6123.0,17756.7,35008.8,235.5,25940.45
L17,2024-10-01,2024-10,31,24986,1049412,669,539214,119851.35,55877.78,6496.36,18839.44,36848.46,249.86,26634.4
L17,2024-11-01,2024-11,30,24180,1015560,613,494078,111351.45,54075.27,6286.8,18231.72,35659.8,241.8,26634.4
L17,2024-12-01,2024-12,31,24986,1049412,746,601276,139367.72,55877.78,6496.36,18839.44,36848.46,249.86,26634.4
L17,2025-01-01,2025-01,31,24986,1049412,897,722982,170600.43,55877.78,6496.36,18839.44,36848.46,249.86,26634.4
L17,2025-02-01,2025-02,28,22568,947856,570,459420,99533.4,50470.25,5867.68,17016.27,33282.48,225.68,26634.4
L17,2025-03-01,2025-03,31,24986,1049412,629,506974,105231.7,55877.78,6496.36,18839.44,36848.46,249.86,26634.4
L17,2025-04-01,2025-04,30,24180,1015560,652,525512,114354.28,54075.27,6286.8,18231.72,35659.8,241.8,26634.4
L17,2025-05-01,2025-05,31,24986,1049412,653,526318,108998.76,55877.78,6496.36,18839.44,36848.46,249.86,26634.4
L17,2025-06-01,2025-06,30,24180,1015560,624,502944,115327.68,54075.27,6286.8,18231.72,35659.8,241.8,26634.4
L17,2025-07-01,2025-07,31,24986,1049412,734,591604,135819.36,55877.78,6496.36,18839.44,36848.46,249.86,26634.4
L17,2025-08-01,2025-08,31,24986,1049412,654,527124,107000.94,55877.78,6496.36,18839.44,36848.46,249.86,26634.4
L17,2025-09-01,2025-09,30,24180,1015560,631,508586,110456.55,54075.27,6286.8,18231.72,35659.8,241.8,26634.4
L17,2025-10-01,2025-10,31,24986,1049412,748,602888,127653.68,55877.78,6496.36,18839.44,36848.46,249.86,26634.4
L17,2025-11-01,2025-11,30,24180,1015560,700,564200,125209.0,54075.27,6286.8,18231.72,35659.8,241.8,26634.4
L17,2025-12-01,2025-12,31,24986,1049412,858,691548,159476.46,55877.78,6496.36,18839.44,36848.46,249.86,26634.4
L17,2026-01-01,2026-01,31,24986,1049412,885,713310,160893.0,55877.78,6496.36,18839.44,36848.46,249.86,26634.4
L17,2026-02-01,2026-02,28,22568,947856,574,462644,99520.12,50470.25,5867.68,17016.27,33282.48,225.68,26634.4
L17,2026-03-01,2026-03,31,24986,1049412,605,487630,100920.05,55877.78,6496.36,18839.44,36848.46,249.86,26634.4
L17,2026-04-01,2026-04,30,24180,1015560,726,585156,129046.5,54075.27,6286.8,18231.72,35659.8,241.8,26634.4
L17,2026-05-01,2026-05,31,24986,1049412,576,464256,99521.28,55877.78,6496.36,18839.44,36848.46,249.86,26634.4
L17,2026-06-01,2026-06,30,24180,1015560,679,547274,120196.58,54075.27,6286.8,18231.72,35659.8,241.8,26634.4
L17,2026-07-01,2026-07,31,24986,1049412,911,734266,168963.17,55877.78,6496.36,18839.44,36848.46,249.86,26634.4
L17,2026-08-01,2026-08,31,24986,1049412,636,512616,110708.52,55877.78,6496.36,18839.44,36848.46,249.86,26634.4
L17,2026-09-01,2026-09,30,24180,1015560,716,577096,123008.8,54075.27,6286.8,18231.72,35659.8,241.8,26634.4
L18,2024-10-01,2024-10,31,28954,1216068,716,668744,143887.36,64751.67,7528.04,18472.65,40961.54,2605.86,30864.18
L18,2024-11-01,2024-11,30,28020,1176840,789,736926,156821.64,62662.91,7285.2,17876.76,39640.2,2521.8,30864.18
L18,2024-12-01,2024-12,31,28954,1216068,821,766814,168756.55,64751.67,7528.04,18472.65,40961.54,2605.86,30864.18
L18,2025-01-01,2025-01,31,28954,1216068,878,820052,188936.82,64751.67,7528.04,18472.65,40961.54,2605.86,30864.18
L18,2025-02-01,2025-02,28,26152,1098384,585,546390,119129.4,58485.38,6799.52,16684.98,36997.52,2353.68,30864.18
L18,2025-03-01,2025-03,31,28954,1216068,604,564136,114113.72,64751.67,7528.04,18472.65,40961.54,2605.86,30864.18
L18,2025-04-01,2025-04,30,28020,1176840,699,652866,134655.36,62662.91,7285.2,17876.76,39640.2,2521.8,30864.18
L18,2025-05-01,2025-05,31,28954,1216068,649,606166,121518.76,64751.67,7528.04,18472.65,40961.54,2605.86,30864.18
L18,2025-06-01,2025-06,30,28020,1176840,624,582816,125860.8,62662.91,7285.2,17876.76,39640.2,2521.8,30864.18
L18,2025-07-01,2025-07,31,28954,1216068,875,817250,198843.75,64751.67,7528.04,18472.65,40961.54,2605.86,30864.18
L18,2025-08-01,2025-08,31,28954,1216068,728,679952,141115.52,64751.67,7528.04,18472.65,40961.54,2605.86,30864.18
L18,2025-09-01,2025-09,30,28020,1176840,781,729454,154106.92,62662.91,7285.2,17876.76,39640.2,2521.8,30864.18
L18,2025-10-01,2025-10,31,28954,1216068,712,665008,142720.4,64751.67,7528.04,18472.65,40961.54,2605.86,30864.18
L18,2025-11-01,2025-11,30,28020,1176840,737,688358,147193.64,62662.91,7285.2,17876.76,39640.2,2521.8,30864.18
L18,2025-12-01,2025-12,31,28954,1216068,818,764012,168213.52,64751.67,7528.04,18472.65,40961.54,2605.86,30864.18
L18,2026-01-01,2026-01,31,28954,1216068,820,765880,167239.0,64751.67,7528.04,18472.65,40961.54,2605.86,30864.18
L18,2026-02-01,2026-02,28,26152,1098384,700,653800,137368.0,58485.38,6799.52,16684.98,36997.52,2353.68,30864.18
L18,2026-03-01,2026-03,31,28954,1216068,710,663140,132734.5,64751.67,7528.04,18472.65,40961.54,2605.86,30864.18
L18,2026-04-01,2026-04,30,28020,1176840,647,604298,128228.93,62662.91,7285.2,17876.76,39640.2,2521.8,30864.18
L18,2026-05-01,2026-05,31,28954,1216068,667,622978,127083.51,64751.67,7528.04,18472.65,40961.54,2605.86,30864.18
L18,2026-06-01,2026-06,30,28020,1176840,715,667810,137079.8,62662.91,7285.2,17876.76,39640.2,2521.8,30864.18
L18,2026-07-01,2026-07,31,28954,1216068,935,873290,196256.5,64751.67,7528.04,18472.65,40961.54,2605.86,30864.18
L18,2026-08-01,2026-08,31,28954,1216068,699,652866,133201.44,64751.67,7528.04,18472.65,40961.54,2605.86,30864.18
L18,2026-09-01,2026-09,30,28020,1176840,699,652866,136123.26,62662.91,7285.2,17876.76,39640.2,2521.8,30864.18
L19,2024-10-01,2024-10,62,62868,1634568,1068,1082952,370521.24,151622.82,16345.68,40109.78,87035.6,5658.12,67015.59
L19,2024-11-01,2024-11,60,60840,1581840,967,980538,349038.65,146731.76,15818.4,38815.92,84228.0,5475.6,67015.59
L19,2024-12-01,2024-12,62,62868,1634568,1103,1118442,404789.97,151622.82,16345.68,40109.78,87035.6,5658.12,67015.59
L19,2025-01-01,2025-01,62,62868,1634568,1117,1132638,424002.03,151622.82,16345.68,40109.78,87035.6,5658.12,67015.59
L19,2025-02-01,2025-02,56,56784,1476384,850,861900,293309.5,136949.65,14763.84,36228.19,78612.8,5110.56,67015.59
L19,2025-03-01,2025-03,62,62868,1634568,910,922740,319309.9,151622.82,16345.68,40109.78,87035.6,5658.12,67015.59
L19,2025-04-01,2025-04,60,60840,1581840,806,817284,272025.0,146731.76,15818.4,38815.92,84228.0,5475.6,67015.59
L19,2025-05-01,2025-05,62,62868,1634568,916,928824,309809.52,151622.82,16345.68,40109.78,87035.6,5658.12,67015.59
L19,2025-06-01,2025-06,60,60840,1581840,815,826410,285812.35,146731.76,15818.4,38815.92,84228.0,5475.6,67015.59
L19,2025-07-01,2025-07,62,62868,1634568,1104,1119456,420336.96,151622.82,16345.68,40109.78,87035.6,5658.12,67015.59
L19,2025-08-01,2025-08,62,62868,1634568,853,864942,287520.71,151622.82,16345.68,40109.78,87035.6,5658.12,67015.59
L19,2025-09-01,2025-09,60,60840,1581840,1019,1033266,354764.85,146731.76,15818.4,38815.92,84228.0,5475.6,67015.59
L19,2025-10-01,2025-10,62,62868,1634568,1125,1140750,397035.0,151622.82,16345.68,40109.78,87035.6,5658.12,67015.59
L19,2025-11-01,2025-11,60,60840,1581840,993,1006902,345832.11,146731.76,15818.4,38815.92,84228.0,5475.6,67015.59
L19,2025-12-01,2025-12,62,62868,1634568,1265,1282710,472958.2,151622.82,16345.68,40109.78,87035.6,5658.12,67015.59
L19,2026-01-01,2026-01,62,62868,1634568,1240,1257360,463673.2,151622.82,16345.68,40109.78,87035.6,5658.12,67015.59
L19,2026-02-01,2026-02,56,56784,1476384,905,917670,313609.65,136949.65,14763.84,36228.19,78612.8,5110.56,67015.59
L19,2026-03-01,2026-03,62,62868,1634568,1018,1032252,354498.14,151622.82,16345.68,40109.78,87035.6,5658.12,67015.59
L19,2026-04-01,2026-04,60,60840,1581840,946,959244,340257.28,146731.76,15818.4,38815.92,84228.0,5475.6,67015.59
L19,2026-05-01,2026-05,62,62868,1634568,929,942006,311568.02,151622.82,16345.68,40109.78,87035.6,5658.12,67015.59
L19,2026-06-01,2026-06,60,60840,1581840,1000,1014000,351370.0,146731.76,15818.4,38815.92,84228.0,5475.6,67015.59
L19,2026-07-01,2026-07,62,62868,1634568,1314,1332396,503787.6,151622.82,16345.68,40109.78,87035.6,5658.12,67015.59
L19,2026-08-01,2026-08,62,62868,1634568,957,970398,326432.7,151622.82,16345.68,40109.78,87035.6,5658.12,67015.59
L19,2026-09-01,2026-09,60,60840,1581840,852,863928,308176.92,146731.76,15818.4,38815.92,84228.0,5475.6,67015.59
L20,2024-10-01,2024-10,31,31930,830180,415,427450,149561.85,77007.65,8301.8,18519.4,44036.74,5907.05,34036.52
L20,2024-11-01,2024-11,30,30900,803400,481,495430,185199.43,74523.53,8034.0,17922.0,42616.2,5716.5,34036.52
L20,2024-12-01,2024-12,31,31930,830180,583,600490,237001.16,77007.65,8301.8,18519.4,44036.74,5907.05,34036.52
L20,2025-01-01,2025-01,31,31930,830180,663,682890,269860.89,77007.65,8301.8,18519.4,44036.74,5907.05,34036.52
L20,2025-02-01,2025-02,28,28840,749840,362,372860,126138.9,69555.29,7498.4,16727.2,39775.12,5335.4,34036.52
L20,2025-03-01,2025-03,31,31930,830180,350,360500,122237.5,77007.65,8301.8,18519.4,44036.74,5907.05,34036.52
L20,2025-04-01,2025-04,30,30900,803400,431,443930,156422.83,74523.53,8034.0,17922.0,42616.2,5716.5,34036.52
L20,2025-05-01,2025-05,31,31930,830180,340,350200,115249.8,77007.65,8301.8,18519.4,44036.74,5907.05,34036.52
L20,2025-06-01,2025-06,30,30900,803400,400,412000,143044.0,74523.53,8034.0,17922.0,42616.2,5716.5,34036.52
L20,2025-07-01,2025-07,31,31930,830180,684,704520,279537.12,77007.65,8301.8,18519.4,44036.74,5907.05,34036.52
L20,2025-08-01,2025-08,31,31930,830180,387,398610,132741.0,77007.65,8301.8,18519.4,44036.74,5907.05,34036.52
L20,2025-09-01,2025-09,30,30900,803400,387,398610,137044.44,74523.53,8034.0,17922.0,42616.2,5716.5,34036.52
L20,2025-10-01,2025-10,31,31930,830180,446,459380,160484.18,77007.65,8301.8,18519.4,44036.74,5907.05,34036.52
L20,2025-11-01,2025-11,30,30900,803400,433,445990,159919.89,74523.53,8034.0,17922.0,42616.2,5716.5,34036.52
L20,2025-12-01,2025-12,31,31930,830180,591,608730,245087.7,77007.65,8301.8,18519.4,44036.74,5907.05,34036.52
L20,2026-01-01,2026-01,31,31930,830180,592,609760,240304.64,77007.65,8301.8,18519.4,44036.74,5907.05,34036.52
L20,2026-02-01,2026-02,28,28840,749840,366,376980,123159.0,69555.29,7498.4,16727.2,39775.12,5335.4,34036.52
L20,2026-03-01,2026-03,31,31930,830180,388,399640,132668.84,77007.65,8301.8,18519.4,44036.74,5907.05,34036.52
L20,2026-04-01,2026-04,30,30900,803400,407,419210,142075.56,74523.53,8034.0,17922.0,42616.2,5716.5,34036.52
L20,2026-05-01,2026-05,31,31930,830180,354,364620,118002.36,77007.65,8301.8,18519.4,44036.74,5907.05,34036.52
L20,2026-06-01,2026-06,30,30900,803400,407,419210,146625.82,74523.53,8034.0,17922.0,42616.2,5716.5,34036.52
L20,2026-07-01,2026-07,31,31930,830180,624,642720,250754.4,77007.65,8301.8,18519.4,44036.74,5907.05,34036.52
L20,2026-08-01,2026-08,31,31930,830180,448,461440,161091.84,77007.65,8301.8,18519.4,44036.74,5907.05,34036.52
L20,2026-09-01,2026-09,30,30900,803400,452,465560,162331.28,74523.53,8034.0,17922.0,42616.2,5716.5,34036.52
